set_a,set_b,image_a,image_b,distance
busbra,busbra,bus_0012-l.png,bus_0012-r.png,8
busbra,sysucc,bus_0999-l.png,malignant(81).png,8
gdph,gdph,benign(454).png,benign(496).png,0
gdph,gdph,benign(457).png,malignant(1184).png,0
gdph,gdph,benign(525).png,benign(652).png,0
gdph,gdph,benign(527).png,benign(650).png,0
gdph,gdph,benign(528).png,benign(648).png,0
gdph,gdph,benign(590).png,benign(594).png,0
gdph,gdph,benign(591).png,benign(595).png,0
gdph,gdph,benign(592).png,benign(593).png,0
gdph,gdph,malignant(1116).png,malignant(1174).png,0
gdph,gdph,malignant(1117).png,malignant(1175).png,0
gdph,gdph,malignant(1118).png,malignant(1133).png,0
gdph,gdph,malignant(1118).png,malignant(1155).png,0
gdph,gdph,malignant(1119).png,malignant(1148).png,0
gdph,gdph,malignant(1120).png,malignant(1143).png,0
gdph,gdph,malignant(1120).png,malignant(1170).png,0
gdph,gdph,malignant(1122).png,malignant(1171).png,0
gdph,gdph,malignant(1125).png,malignant(1163).png,0
gdph,gdph,malignant(1126).png,malignant(1144).png,0
gdph,gdph,malignant(1127).png,malignant(1145).png,0
gdph,gdph,malignant(1128).png,malignant(1146).png,0
gdph,gdph,malignant(1129).png,malignant(1147).png,0
gdph,gdph,malignant(1130).png,malignant(1150).png,0
gdph,gdph,malignant(1131).png,malignant(1151).png,0
gdph,gdph,malignant(1132).png,malignant(1153).png,0
gdph,gdph,malignant(1133).png,malignant(1155).png,0
gdph,gdph,malignant(1136).png,malignant(1159).png,0
gdph,gdph,malignant(1137).png,malignant(1160).png,0
gdph,gdph,malignant(1138).png,malignant(1161).png,0
gdph,gdph,malignant(1139).png,malignant(1165).png,0
gdph,gdph,malignant(1142).png,malignant(1169).png,0
gdph,gdph,malignant(1143).png,malignant(1170).png,0
gdph,gdph,malignant(1154).png,malignant(1191).png,0
gdph,gdph,malignant(1176).png,malignant(1177).png,0
gdph,gdph,malignant(1426).png,malignant(1427).png,0
gdph,gdph,malignant(1321).png,malignant(1322).png,4
gdph,gdph,malignant(1205).png,malignant(1206).png,8
gdph,gdph,malignant(1320).png,malignant(1322).png,8
gdph,sysucc,benign(784).png,malignant(23).png,8
sysucc,sysucc,benign(100).png,benign(103).png,0
sysucc,sysucc,benign(116).png,benign(147).png,0
sysucc,sysucc,benign(117).png,benign(148).png,0
sysucc,sysucc,benign(145).png,benign(75).png,0
sysucc,sysucc,benign(146).png,benign(172).png,0
sysucc,sysucc,benign(146).png,malignant(415).png,0
sysucc,sysucc,benign(149).png,malignant(416).png,0
sysucc,sysucc,benign(150).png,benign(151).png,0
sysucc,sysucc,benign(154).png,benign(156).png,0
sysucc,sysucc,benign(169).png,benign(170).png,0
sysucc,sysucc,benign(172).png,malignant(415).png,0
sysucc,sysucc,benign(215).png,benign(217).png,0
sysucc,sysucc,benign(221).png,benign(222).png,0
sysucc,sysucc,benign(241).png,benign(242).png,0
sysucc,sysucc,benign(274).png,malignant(1022).png,0
sysucc,sysucc,benign(283).png,malignant(697).png,0
sysucc,sysucc,benign(284).png,malignant(703).png,0
sysucc,sysucc,benign(285).png,malignant(701).png,0
sysucc,sysucc,benign(286).png,malignant(696).png,0
sysucc,sysucc,benign(287).png,malignant(702).png,0
sysucc,sysucc,benign(288).png,malignant(699).png,0
sysucc,sysucc,benign(289).png,malignant(700).png,0
sysucc,sysucc,benign(290).png,malignant(698).png,0
sysucc,sysucc,benign(310).png,benign(382).png,0
sysucc,sysucc,benign(34).png,benign(37).png,0
sysucc,sysucc,benign(35).png,benign(36).png,0
sysucc,sysucc,benign(350).png,benign(352).png,0
sysucc,sysucc,benign(378).png,benign(380).png,0
sysucc,sysucc,benign(387).png,benign(390).png,0
sysucc,sysucc,benign(391).png,malignant(954).png,0
sysucc,sysucc,benign(437).png,malignant(1090).png,0
sysucc,sysucc,benign(438).png,malignant(1091).png,0
sysucc,sysucc,benign(439).png,benign(440).png,0
sysucc,sysucc,benign(439).png,malignant(1092).png,0
sysucc,sysucc,benign(439).png,malignant(1093).png,0
sysucc,sysucc,benign(440).png,malignant(1092).png,0
sysucc,sysucc,benign(440).png,malignant(1093).png,0
sysucc,sysucc,benign(441).png,malignant(1094).png,0
sysucc,sysucc,benign(442).png,malignant(1095).png,0
sysucc,sysucc,benign(6).png,benign(7).png,0
sysucc,sysucc,benign(68).png,benign(69).png,0
sysucc,sysucc,benign(94).png,benign(95).png,0
sysucc,sysucc,malignant(1008).png,malignant(1011).png,0
sysucc,sysucc,malignant(1026).png,malignant(543).png,0
sysucc,sysucc,malignant(1027).png,malignant(544).png,0
sysucc,sysucc,malignant(1037).png,malignant(1039).png,0
sysucc,sysucc,malignant(105).png,malignant(106).png,0
sysucc,sysucc,malignant(1058).png,malignant(1059).png,0
sysucc,sysucc,malignant(1086).png,malignant(1087).png,0
sysucc,sysucc,malignant(109).png,malignant(114).png,0
sysucc,sysucc,malignant(1092).png,malignant(1093).png,0
sysucc,sysucc,malignant(126).png,malignant(311).png,0
sysucc,sysucc,malignant(127).png,malignant(312).png,0
sysucc,sysucc,malignant(140).png,malignant(142).png,0
sysucc,sysucc,malignant(143).png,malignant(145).png,0
sysucc,sysucc,malignant(18).png,malignant(19).png,0
sysucc,sysucc,malignant(190).png,malignant(191).png,0
sysucc,sysucc,malignant(201).png,malignant(204).png,0
sysucc,sysucc,malignant(205).png,malignant(208).png,0
sysucc,sysucc,malignant(21).png,malignant(24).png,0
sysucc,sysucc,malignant(245).png,malignant(247).png,0
sysucc,sysucc,malignant(258).png,malignant(260).png,0
sysucc,sysucc,malignant(263).png,malignant(264).png,0
sysucc,sysucc,malignant(267).png,malignant(271).png,0
sysucc,sysucc,malignant(302).png,malignant(304).png,0
sysucc,sysucc,malignant(305).png,malignant(308).png,0
sysucc,sysucc,malignant(306).png,malignant(307).png,0
sysucc,sysucc,malignant(325).png,malignant(326).png,0
sysucc,sysucc,malignant(373).png,malignant(383).png,0
sysucc,sysucc,malignant(394).png,malignant(395).png,0
sysucc,sysucc,malignant(397).png,malignant(947).png,0
sysucc,sysucc,malignant(398).png,malignant(948).png,0
sysucc,sysucc,malignant(40).png,malignant(41).png,0
sysucc,sysucc,malignant(400).png,malignant(401).png,0
sysucc,sysucc,malignant(418).png,malignant(421).png,0
sysucc,sysucc,malignant(424).png,malignant(425).png,0
sysucc,sysucc,malignant(461).png,malignant(704).png,0
sysucc,sysucc,malignant(462).png,malignant(705).png,0
sysucc,sysucc,malignant(472).png,malignant(474).png,0
sysucc,sysucc,malignant(481).png,malignant(484).png,0
sysucc,sysucc,malignant(483).png,malignant(486).png,0
sysucc,sysucc,malignant(493).png,malignant(642).png,0
sysucc,sysucc,malignant(494).png,malignant(643).png,0
sysucc,sysucc,malignant(546).png,malignant(547).png,0
sysucc,sysucc,malignant(550).png,malignant(553).png,0
sysucc,sysucc,malignant(567).png,malignant(568).png,0
sysucc,sysucc,malignant(575).png,malignant(580).png,0
sysucc,sysucc,malignant(58).png,malignant(59).png,0
sysucc,sysucc,malignant(589).png,malignant(591).png,0
sysucc,sysucc,malignant(590).png,malignant(592).png,0
sysucc,sysucc,malignant(600).png,malignant(602).png,0
sysucc,sysucc,malignant(612).png,malignant(613).png,0
sysucc,sysucc,malignant(635).png,malignant(636).png,0
sysucc,sysucc,malignant(650).png,malignant(651).png,0
sysucc,sysucc,malignant(710).png,malignant(713).png,0
sysucc,sysucc,malignant(716).png,malignant(717).png,0
sysucc,sysucc,malignant(721).png,malignant(722).png,0
sysucc,sysucc,malignant(727).png,malignant(729).png,0
sysucc,sysucc,malignant(728).png,malignant(730).png,0
sysucc,sysucc,malignant(772).png,malignant(774).png,0
sysucc,sysucc,malignant(776).png,malignant(778).png,0
sysucc,sysucc,malignant(794).png,malignant(796).png,0
sysucc,sysucc,malignant(819).png,malignant(821).png,0
sysucc,sysucc,malignant(82).png,malignant(83).png,0
sysucc,sysucc,malignant(826).png,malignant(829).png,0
sysucc,sysucc,malignant(832).png,malignant(833).png,0
sysucc,sysucc,malignant(835).png,malignant(836).png,0
sysucc,sysucc,malignant(864).png,malignant(866).png,0
sysucc,sysucc,malignant(869).png,malignant(872).png,0
sysucc,sysucc,malignant(87).png,malignant(88).png,0
sysucc,sysucc,malignant(875).png,malignant(877).png,0
sysucc,sysucc,malignant(900).png,malignant(901).png,0
sysucc,sysucc,malignant(909).png,malignant(912).png,0
sysucc,sysucc,malignant(931).png,malignant(934).png,0
sysucc,sysucc,malignant(978).png,malignant(979).png,0
sysucc,sysucc,malignant(984).png,malignant(986).png,0
sysucc,sysucc,malignant(988).png,malignant(989).png,0
sysucc,sysucc,malignant(990).png,malignant(991).png,0
sysucc,sysucc,malignant(994).png,malignant(997).png,0
sysucc,sysucc,malignant(995).png,malignant(999).png,0
sysucc,sysucc,benign(0).png,benign(2).png,2
sysucc,sysucc,benign(1).png,benign(3).png,2
sysucc,sysucc,benign(119).png,benign(124).png,2
sysucc,sysucc,benign(121).png,benign(129).png,2
sysucc,sysucc,benign(13).png,benign(14).png,2
sysucc,sysucc,benign(130).png,benign(133).png,2
sysucc,sysucc,benign(141).png,benign(142).png,2
sysucc,sysucc,benign(143).png,benign(144).png,2
sysucc,sysucc,benign(159).png,benign(162).png,2
sysucc,sysucc,benign(166).png,benign(168).png,2
sysucc,sysucc,benign(187).png,benign(189).png,2
sysucc,sysucc,benign(193).png,benign(195).png,2
sysucc,sysucc,benign(20).png,benign(23).png,2
sysucc,sysucc,benign(203).png,benign(207).png,2
sysucc,sysucc,benign(228).png,benign(231).png,2
sysucc,sysucc,benign(237).png,benign(245).png,2
sysucc,sysucc,benign(238).png,benign(248).png,2
sysucc,sysucc,benign(239).png,benign(243).png,2
sysucc,sysucc,benign(244).png,benign(246).png,2
sysucc,sysucc,benign(251).png,benign(256).png,2
sysucc,sysucc,benign(252).png,benign(254).png,2
sysucc,sysucc,benign(257).png,benign(260).png,2
sysucc,sysucc,benign(259).png,benign(261).png,2
sysucc,sysucc,benign(264).png,benign(266).png,2
sysucc,sysucc,benign(28).png,benign(29).png,2
sysucc,sysucc,benign(283).png,benign(288).png,2
sysucc,sysucc,benign(283).png,malignant(699).png,2
sysucc,sysucc,benign(285).png,benign(286).png,2
sysucc,sysucc,benign(285).png,malignant(696).png,2
sysucc,sysucc,benign(286).png,malignant(701).png,2
sysucc,sysucc,benign(288).png,malignant(697).png,2
sysucc,sysucc,benign(289).png,benign(290).png,2
sysucc,sysucc,benign(289).png,malignant(698).png,2
sysucc,sysucc,benign(290).png,malignant(700).png,2
sysucc,sysucc,benign(293).png,benign(294).png,2
sysucc,sysucc,benign(296).png,benign(299).png,2
sysucc,sysucc,benign(304).png,benign(306).png,2
sysucc,sysucc,benign(312).png,benign(314).png,2
sysucc,sysucc,benign(327).png,benign(328).png,2
sysucc,sysucc,benign(332).png,benign(337).png,2
sysucc,sysucc,benign(333).png,benign(340).png,2
sysucc,sysucc,benign(334).png,benign(338).png,2
sysucc,sysucc,benign(335).png,benign(336).png,2
sysucc,sysucc,benign(339).png,benign(341).png,2
sysucc,sysucc,benign(34).png,benign(35).png,2
sysucc,sysucc,benign(34).png,benign(36).png,2
sysucc,sysucc,benign(348).png,benign(351).png,2
sysucc,sysucc,benign(35).png,benign(37).png,2
sysucc,sysucc,benign(354).png,benign(355).png,2
sysucc,sysucc,benign(36).png,benign(37).png,2
sysucc,sysucc,benign(397).png,benign(401).png,2
sysucc,sysucc,benign(4).png,benign(5).png,2
sysucc,sysucc,benign(40).png,benign(41).png,2
sysucc,sysucc,benign(409).png,benign(410).png,2
sysucc,sysucc,benign(414).png,benign(415).png,2
sysucc,sysucc,benign(42).png,benign(46).png,2
sysucc,sysucc,benign(431).png,benign(433).png,2
sysucc,sysucc,benign(431).png,benign(434).png,2
sysucc,sysucc,benign(441).png,benign(442).png,2
sysucc,sysucc,benign(441).png,malignant(1095).png,2
sysucc,sysucc,benign(442).png,malignant(1094).png,2
sysucc,sysucc,benign(47).png,benign(48).png,2
sysucc,sysucc,benign(70).png,benign(72).png,2
sysucc,sysucc,benign(71).png,benign(73).png,2
sysucc,sysucc,benign(86).png,benign(90).png,2
sysucc,sysucc,malignant(10).png,malignant(11).png,2
sysucc,sysucc,malignant(1000).png,malignant(1002).png,2
sysucc,sysucc,malignant(1006).png,malignant(1013).png,2
sysucc,sysucc,malignant(1007).png,malignant(1009).png,2
sysucc,sysucc,malignant(101).png,malignant(103).png,2
sysucc,sysucc,malignant(1015).png,malignant(1017).png,2
sysucc,sysucc,malignant(1018).png,malignant(1021).png,2
sysucc,sysucc,malignant(1036).png,malignant(1038).png,2
sysucc,sysucc,malignant(104).png,malignant(107).png,2
sysucc,sysucc,malignant(1041).png,malignant(1044).png,2
sysucc,sysucc,malignant(1048).png,malignant(1049).png,2
sysucc,sysucc,malignant(1060).png,malignant(1061).png,2
sysucc,sysucc,malignant(1062).png,malignant(1063).png,2
sysucc,sysucc,malignant(1064).png,malignant(1065).png,2
sysucc,sysucc,malignant(1094).png,malignant(1095).png,2
sysucc,sysucc,malignant(1103).png,malignant(186).png,2
sysucc,sysucc,malignant(115).png,malignant(117).png,2
sysucc,sysucc,malignant(13).png,malignant(15).png,2
sysucc,sysucc,malignant(134).png,malignant(137).png,2
sysucc,sysucc,malignant(138).png,malignant(144).png,2
sysucc,sysucc,malignant(139).png,malignant(141).png,2
sysucc,sysucc,malignant(14).png,malignant(16).png,2
sysucc,sysucc,malignant(157).png,malignant(158).png,2
sysucc,sysucc,malignant(175).png,malignant(176).png,2
sysucc,sysucc,malignant(182).png,malignant(183).png,2
sysucc,sysucc,malignant(187).png,malignant(188).png,2
sysucc,sysucc,malignant(232).png,malignant(233).png,2
sysucc,sysucc,malignant(234).png,malignant(235).png,2
sysucc,sysucc,malignant(239).png,malignant(241).png,2
sysucc,sysucc,malignant(240).png,malignant(242).png,2
sysucc,sysucc,malignant(243).png,malignant(248).png,2
sysucc,sysucc,malignant(249).png,malignant(252).png,2
sysucc,sysucc,malignant(250).png,malignant(251).png,2
sysucc,sysucc,malignant(257).png,malignant(261).png,2
sysucc,sysucc,malignant(262).png,malignant(265).png,2
sysucc,sysucc,malignant(272).png,malignant(273).png,2
sysucc,sysucc,malignant(274).png,malignant(275).png,2
sysucc,sysucc,malignant(278).png,malignant(281).png,2
sysucc,sysucc,malignant(279).png,malignant(280).png,2
sysucc,sysucc,malignant(289).png,malignant(290).png,2
sysucc,sysucc,malignant(297).png,malignant(298).png,2
sysucc,sysucc,malignant(309).png,malignant(310).png,2
sysucc,sysucc,malignant(313).png,malignant(316).png,2
sysucc,sysucc,malignant(314).png,malignant(315).png,2
sysucc,sysucc,malignant(317).png,malignant(320).png,2
sysucc,sysucc,malignant(322).png,malignant(323).png,2
sysucc,sysucc,malignant(327).png,malignant(329).png,2
sysucc,sysucc,malignant(333).png,malignant(336).png,2
sysucc,sysucc,malignant(334).png,malignant(335).png,2
sysucc,sysucc,malignant(352).png,malignant(353).png,2
sysucc,sysucc,malignant(354).png,malignant(358).png,2
sysucc,sysucc,malignant(355).png,malignant(356).png,2
sysucc,sysucc,malignant(364).png,malignant(367).png,2
sysucc,sysucc,malignant(371).png,malignant(372).png,2
sysucc,sysucc,malignant(384).png,malignant(386).png,2
sysucc,sysucc,malignant(385).png,malignant(387).png,2
sysucc,sysucc,malignant(389).png,malignant(392).png,2
sysucc,sysucc,malignant(390).png,malignant(391).png,2
sysucc,sysucc,malignant(403).png,malignant(406).png,2
sysucc,sysucc,malignant(404).png,malignant(405).png,2
sysucc,sysucc,malignant(408).png,malignant(409).png,2
sysucc,sysucc,malignant(44).png,malignant(46).png,2
sysucc,sysucc,malignant(448).png,malignant(449).png,2
sysucc,sysucc,malignant(450).png,malignant(451).png,2
sysucc,sysucc,malignant(452).png,malignant(453).png,2
sysucc,sysucc,malignant(457).png,malignant(459).png,2
sysucc,sysucc,malignant(467).png,malignant(468).png,2
sysucc,sysucc,malignant(480).png,malignant(485).png,2
sysucc,sysucc,malignant(487).png,malignant(488).png,2
sysucc,sysucc,malignant(49).png,malignant(50).png,2
sysucc,sysucc,malignant(498).png,malignant(499).png,2
sysucc,sysucc,malignant(502).png,malignant(504).png,2
sysucc,sysucc,malignant(507).png,malignant(508).png,2
sysucc,sysucc,malignant(513).png,malignant(515).png,2
sysucc,sysucc,malignant(514).png,malignant(516).png,2
sysucc,sysucc,malignant(518).png,malignant(519).png,2
sysucc,sysucc,malignant(526).png,malignant(527).png,2
sysucc,sysucc,malignant(528).png,malignant(529).png,2
sysucc,sysucc,malignant(551).png,malignant(552).png,2
sysucc,sysucc,malignant(569).png,malignant(570).png,2
sysucc,sysucc,malignant(581).png,malignant(584).png,2
sysucc,sysucc,malignant(585).png,malignant(586).png,2
sysucc,sysucc,malignant(587).png,malignant(588).png,2
sysucc,sysucc,malignant(594).png,malignant(595).png,2
sysucc,sysucc,malignant(60).png,malignant(61).png,2
sysucc,sysucc,malignant(604).png,malignant(607).png,2
sysucc,sysucc,malignant(605).png,malignant(606).png,2
sysucc,sysucc,malignant(608).png,malignant(611).png,2
sysucc,sysucc,malignant(615).png,malignant(617).png,2
sysucc,sysucc,malignant(616).png,malignant(618).png,2
sysucc,sysucc,malignant(632).png,malignant(634).png,2
sysucc,sysucc,malignant(635).png,malignant(637).png,2
sysucc,sysucc,malignant(636).png,malignant(637).png,2
sysucc,sysucc,malignant(639).png,malignant(641).png,2
sysucc,sysucc,malignant(659).png,malignant(663).png,2
sysucc,sysucc,malignant(661).png,malignant(662).png,2
sysucc,sysucc,malignant(669).png,malignant(672).png,2
sysucc,sysucc,malignant(670).png,malignant(671).png,2
sysucc,sysucc,malignant(675).png,malignant(678).png,2
sysucc,sysucc,malignant(676).png,malignant(679).png,2
sysucc,sysucc,malignant(677).png,malignant(680).png,2
sysucc,sysucc,malignant(685).png,malignant(686).png,2
sysucc,sysucc,malignant(687).png,malignant(688).png,2
sysucc,sysucc,malignant(689).png,malignant(690).png,2
sysucc,sysucc,malignant(691).png,malignant(694).png,2
sysucc,sysucc,malignant(696).png,malignant(701).png,2
sysucc,sysucc,malignant(697).png,malignant(699).png,2
sysucc,sysucc,malignant(698).png,malignant(700).png,2
sysucc,sysucc,malignant(7).png,malignant(8).png,2
sysucc,sysucc,malignant(706).png,malignant(709).png,2
sysucc,sysucc,malignant(733).png,malignant(734).png,2
sysucc,sysucc,malignant(739).png,malignant(741).png,2
sysucc,sysucc,malignant(740).png,malignant(743).png,2
sysucc,sysucc,malignant(744).png,malignant(745).png,2
sysucc,sysucc,malignant(746).png,malignant(747).png,2
sysucc,sysucc,malignant(75).png,malignant(77).png,2
sysucc,sysucc,malignant(756).png,malignant(758).png,2
sysucc,sysucc,malignant(757).png,malignant(759).png,2
sysucc,sysucc,malignant(779).png,malignant(782).png,2
sysucc,sysucc,malignant(78).png,malignant(79).png,2
sysucc,sysucc,malignant(780).png,malignant(781).png,2
sysucc,sysucc,malignant(783).png,malignant(784).png,2
sysucc,sysucc,malignant(785).png,malignant(786).png,2
sysucc,sysucc,malignant(793).png,malignant(795).png,2
sysucc,sysucc,malignant(797).png,malignant(798).png,2
sysucc,sysucc,malignant(80).png,malignant(82).png,2
sysucc,sysucc,malignant(80).png,malignant(83).png,2
sysucc,sysucc,malignant(801).png,malignant(805).png,2
sysucc,sysucc,malignant(81).png,malignant(84).png,2
sysucc,sysucc,malignant(810).png,malignant(813).png,2
sysucc,sysucc,malignant(822).png,malignant(825).png,2
sysucc,sysucc,malignant(823).png,malignant(824).png,2
sysucc,sysucc,malignant(826).png,malignant(827).png,2
sysucc,sysucc,malignant(827).png,malignant(829).png,2
sysucc,sysucc,malignant(845).png,malignant(847).png,2
sysucc,sysucc,malignant(853).png,malignant(856).png,2
sysucc,sysucc,malignant(857).png,malignant(858).png,2
sysucc,sysucc,malignant(862).png,malignant(865).png,2
sysucc,sysucc,malignant(884).png,malignant(885).png,2
sysucc,sysucc,malignant(886).png,malignant(890).png,2
sysucc,sysucc,malignant(892).png,malignant(894).png,2
sysucc,sysucc,malignant(905).png,malignant(906).png,2
sysucc,sysucc,malignant(910).png,malignant(911).png,2
sysucc,sysucc,malignant(913).png,malignant(916).png,2
sysucc,sysucc,malignant(923).png,malignant(925).png,2
sysucc,sysucc,malignant(927).png,malignant(928).png,2
sysucc,sysucc,malignant(929).png,malignant(930).png,2
sysucc,sysucc,malignant(932).png,malignant(933).png,2
sysucc,sysucc,malignant(940).png,malignant(941).png,2
sysucc,sysucc,malignant(942).png,malignant(943).png,2
sysucc,sysucc,malignant(950).png,malignant(953).png,2
sysucc,sysucc,malignant(977).png,malignant(980).png,2
sysucc,sysucc,malignant(993).png,malignant(998).png,2
sysucc,sysucc,malignant(994).png,malignant(995).png,2
sysucc,sysucc,malignant(994).png,malignant(999).png,2
sysucc,sysucc,malignant(995).png,malignant(997).png,2
sysucc,sysucc,malignant(997).png,malignant(999).png,2
sysucc,sysucc,benign(101).png,benign(102).png,4
sysucc,sysucc,benign(11).png,benign(12).png,4
sysucc,sysucc,benign(123).png,benign(132).png,4
sysucc,sysucc,benign(127).png,benign(128).png,4
sysucc,sysucc,benign(134).png,benign(136).png,4
sysucc,sysucc,benign(157).png,benign(160).png,4
sysucc,sysucc,benign(158).png,benign(161).png,4
sysucc,sysucc,benign(191).png,benign(198).png,4
sysucc,sysucc,benign(192).png,benign(194).png,4
sysucc,sysucc,benign(196).png,benign(197).png,4
sysucc,sysucc,benign(21).png,benign(22).png,4
sysucc,sysucc,benign(210).png,benign(212).png,4
sysucc,sysucc,benign(223).png,benign(224).png,4
sysucc,sysucc,benign(229).png,benign(230).png,4
sysucc,sysucc,benign(240).png,benign(247).png,4
sysucc,sysucc,benign(26).png,benign(27).png,4
sysucc,sysucc,benign(265).png,benign(267).png,4
sysucc,sysucc,benign(271).png,benign(272).png,4
sysucc,sysucc,benign(275).png,benign(279).png,4
sysucc,sysucc,benign(276).png,benign(278).png,4
sysucc,sysucc,benign(284).png,benign(287).png,4
sysucc,sysucc,benign(284).png,malignant(702).png,4
sysucc,sysucc,benign(287).png,malignant(703).png,4
sysucc,sysucc,benign(291).png,benign(292).png,4
sysucc,sysucc,benign(297).png,benign(298).png,4
sysucc,sysucc,benign(302).png,benign(303).png,4
sysucc,sysucc,benign(305).png,benign(308).png,4
sysucc,sysucc,benign(350).png,benign(353).png,4
sysucc,sysucc,benign(352).png,benign(353).png,4
sysucc,sysucc,benign(362).png,benign(365).png,4
sysucc,sysucc,benign(363).png,benign(364).png,4
sysucc,sysucc,benign(374).png,benign(376).png,4
sysucc,sysucc,benign(38).png,benign(39).png,4
sysucc,sysucc,benign(388).png,benign(389).png,4
sysucc,sysucc,benign(398).png,benign(400).png,4
sysucc,sysucc,benign(402).png,benign(403).png,4
sysucc,sysucc,benign(405).png,benign(406).png,4
sysucc,sysucc,benign(407).png,benign(408).png,4
sysucc,sysucc,benign(411).png,benign(412).png,4
sysucc,sysucc,benign(413).png,benign(416).png,4
sysucc,sysucc,benign(433).png,benign(434).png,4
sysucc,sysucc,benign(438).png,benign(64).png,4
sysucc,sysucc,benign(44).png,benign(45).png,4
sysucc,sysucc,benign(49).png,benign(50).png,4
sysucc,sysucc,benign(52).png,benign(53).png,4
sysucc,sysucc,benign(64).png,malignant(1091).png,4
sysucc,sysucc,benign(88).png,benign(91).png,4
sysucc,sysucc,malignant(1001).png,malignant(1003).png,4
sysucc,sysucc,malignant(1004).png,malignant(1012).png,4
sysucc,sysucc,malignant(1014).png,malignant(1016).png,4
sysucc,sysucc,malignant(1019).png,malignant(1020).png,4
sysucc,sysucc,malignant(1031).png,malignant(1032).png,4
sysucc,sysucc,malignant(1042).png,malignant(1047).png,4
sysucc,sysucc,malignant(1043).png,malignant(1046).png,4
sysucc,sysucc,malignant(1054).png,malignant(1056).png,4
sysucc,sysucc,malignant(109).png,malignant(110).png,4
sysucc,sysucc,malignant(1097).png,malignant(118).png,4
sysucc,sysucc,malignant(1099).png,malignant(119).png,4
sysucc,sysucc,malignant(110).png,malignant(114).png,4
sysucc,sysucc,malignant(111).png,malignant(113).png,4
sysucc,sysucc,malignant(146).png,malignant(150).png,4
sysucc,sysucc,malignant(148).png,malignant(149).png,4
sysucc,sysucc,malignant(17).png,malignant(20).png,4
sysucc,sysucc,malignant(173).png,malignant(177).png,4
sysucc,sysucc,malignant(180).png,malignant(184).png,4
sysucc,sysucc,malignant(189).png,malignant(203).png,4
sysucc,sysucc,malignant(206).png,malignant(207).png,4
sysucc,sysucc,malignant(210).png,malignant(211).png,4
sysucc,sysucc,malignant(212).png,malignant(213).png,4
sysucc,sysucc,malignant(244).png,malignant(245).png,4
sysucc,sysucc,malignant(244).png,malignant(247).png,4
sysucc,sysucc,malignant(26).png,malignant(28).png,4
sysucc,sysucc,malignant(283).png,malignant(285).png,4
sysucc,sysucc,malignant(291).png,malignant(294).png,4
sysucc,sysucc,malignant(292).png,malignant(293).png,4
sysucc,sysucc,malignant(299).png,malignant(300).png,4
sysucc,sysucc,malignant(301).png,malignant(303).png,4
sysucc,sysucc,malignant(318).png,malignant(321).png,4
sysucc,sysucc,malignant(328).png,malignant(330).png,4
sysucc,sysucc,malignant(341).png,malignant(342).png,4
sysucc,sysucc,malignant(343).png,malignant(344).png,4
sysucc,sysucc,malignant(345).png,malignant(347).png,4
sysucc,sysucc,malignant(359).png,malignant(362).png,4
sysucc,sysucc,malignant(360).png,malignant(361).png,4
sysucc,sysucc,malignant(365).png,malignant(366).png,4
sysucc,sysucc,malignant(399).png,malignant(402).png,4
sysucc,sysucc,malignant(407).png,malignant(411).png,4
sysucc,sysucc,malignant(417).png,malignant(419).png,4
sysucc,sysucc,malignant(43).png,malignant(47).png,4
sysucc,sysucc,malignant(432).png,malignant(433).png,4
sysucc,sysucc,malignant(435).png,malignant(437).png,4
sysucc,sysucc,malignant(436).png,malignant(438).png,4
sysucc,sysucc,malignant(441).png,malignant(442).png,4
sysucc,sysucc,malignant(454).png,malignant(456).png,4
sysucc,sysucc,malignant(455).png,malignant(460).png,4
sysucc,sysucc,malignant(464).png,malignant(465).png,4
sysucc,sysucc,malignant(476).png,malignant(477).png,4
sysucc,sysucc,malignant(482).png,malignant(483).png,4
sysucc,sysucc,malignant(482).png,malignant(486).png,4
sysucc,sysucc,malignant(509).png,malignant(510).png,4
sysucc,sysucc,malignant(511).png,malignant(512).png,4
sysucc,sysucc,malignant(517).png,malignant(520).png,4
sysucc,sysucc,malignant(52).png,malignant(54).png,4
sysucc,sysucc,malignant(523).png,malignant(525).png,4
sysucc,sysucc,malignant(53).png,malignant(55).png,4
sysucc,sysucc,malignant(545).png,malignant(548).png,4
sysucc,sysucc,malignant(554).png,malignant(557).png,4
sysucc,sysucc,malignant(555).png,malignant(556).png,4
sysucc,sysucc,malignant(609).png,malignant(612).png,4
sysucc,sysucc,malignant(609).png,malignant(613).png,4
sysucc,sysucc,malignant(619).png,malignant(620).png,4
sysucc,sysucc,malignant(630).png,malignant(631).png,4
sysucc,sysucc,malignant(673).png,malignant(674).png,4
sysucc,sysucc,malignant(683).png,malignant(684).png,4
sysucc,sysucc,malignant(693).png,malignant(695).png,4
sysucc,sysucc,malignant(702).png,malignant(703).png,4
sysucc,sysucc,malignant(707).png,malignant(708).png,4
sysucc,sysucc,malignant(714).png,malignant(715).png,4
sysucc,sysucc,malignant(731).png,malignant(732).png,4
sysucc,sysucc,malignant(764).png,malignant(767).png,4
sysucc,sysucc,malignant(799).png,malignant(800).png,4
sysucc,sysucc,malignant(807).png,malignant(808).png,4
sysucc,sysucc,malignant(846).png,malignant(848).png,4
sysucc,sysucc,malignant(854).png,malignant(855).png,4
sysucc,sysucc,malignant(860).png,malignant(861).png,4
sysucc,sysucc,malignant(880).png,malignant(881).png,4
sysucc,sysucc,malignant(887).png,malignant(889).png,4
sysucc,sysucc,malignant(89).png,malignant(90).png,4
sysucc,sysucc,malignant(891).png,malignant(895).png,4
sysucc,sysucc,malignant(907).png,malignant(908).png,4
sysucc,sysucc,malignant(917).png,malignant(921).png,4
sysucc,sysucc,malignant(92).png,malignant(93).png,4
sysucc,sysucc,malignant(924).png,malignant(926).png,4
sysucc,sysucc,malignant(938).png,malignant(939).png,4
sysucc,sysucc,malignant(949).png,malignant(952).png,4
sysucc,sysucc,malignant(957).png,malignant(958).png,4
sysucc,sysucc,malignant(964).png,malignant(967).png,4
sysucc,sysucc,malignant(965).png,malignant(966).png,4
sysucc,sysucc,malignant(968).png,malignant(969).png,4
sysucc,sysucc,malignant(970).png,malignant(971).png,4
sysucc,sysucc,malignant(972).png,malignant(973).png,4
sysucc,sysucc,malignant(98).png,malignant(99).png,4
sysucc,sysucc,benign(10).png,benign(9).png,6
sysucc,sysucc,benign(118).png,benign(126).png,6
sysucc,sysucc,benign(125).png,benign(131).png,6
sysucc,sysucc,benign(164).png,benign(165).png,6
sysucc,sysucc,benign(177).png,benign(178).png,6
sysucc,sysucc,benign(200).png,benign(202).png,6
sysucc,sysucc,benign(201).png,benign(204).png,6
sysucc,sysucc,benign(208).png,benign(209).png,6
sysucc,sysucc,benign(211).png,benign(213).png,6
sysucc,sysucc,benign(277).png,benign(282).png,6
sysucc,sysucc,benign(307).png,benign(309).png,6
sysucc,sysucc,benign(357).png,benign(358).png,6
sysucc,sysucc,benign(372).png,benign(373).png,6
sysucc,sysucc,benign(375).png,benign(377).png,6
sysucc,sysucc,benign(422).png,benign(423).png,6
sysucc,sysucc,benign(79).png,benign(80).png,6
sysucc,sysucc,malignant(1005).png,malignant(1010).png,6
sysucc,sysucc,malignant(1007).png,malignant(1013).png,6
sysucc,sysucc,malignant(1009).png,malignant(1013).png,6
sysucc,sysucc,malignant(1040).png,malignant(1045).png,6
sysucc,sysucc,malignant(1055).png,malignant(1057).png,6
sysucc,sysucc,malignant(112).png,malignant(113).png,6
sysucc,sysucc,malignant(12).png,malignant(9).png,6
sysucc,sysucc,malignant(122).png,malignant(124).png,6
sysucc,sysucc,malignant(123).png,malignant(125).png,6
sysucc,sysucc,malignant(159).png,malignant(160).png,6
sysucc,sysucc,malignant(193).png,malignant(199).png,6
sysucc,sysucc,malignant(22).png,malignant(23).png,6
sysucc,sysucc,malignant(25).png,malignant(27).png,6
sysucc,sysucc,malignant(282).png,malignant(286).png,6
sysucc,sysucc,malignant(287).png,malignant(288).png,6
sysucc,sysucc,malignant(322).png,malignant(4).png,6
sysucc,sysucc,malignant(39).png,malignant(42).png,6
sysucc,sysucc,malignant(4).png,malignant(6).png,6
sysucc,sysucc,malignant(439).png,malignant(440).png,6
sysucc,sysucc,malignant(48).png,malignant(51).png,6
sysucc,sysucc,malignant(489).png,malignant(490).png,6
sysucc,sysucc,malignant(500).png,malignant(501).png,6
sysucc,sysucc,malignant(503).png,malignant(506).png,6
sysucc,sysucc,malignant(562).png,malignant(563).png,6
sysucc,sysucc,malignant(582).png,malignant(583).png,6
sysucc,sysucc,malignant(590).png,malignant(593).png,6
sysucc,sysucc,malignant(592).png,malignant(593).png,6
sysucc,sysucc,malignant(599).png,malignant(603).png,6
sysucc,sysucc,malignant(624).png,malignant(625).png,6
sysucc,sysucc,malignant(627).png,malignant(628).png,6
sysucc,sysucc,malignant(64).png,malignant(67).png,6
sysucc,sysucc,malignant(65).png,malignant(66).png,6
sysucc,sysucc,malignant(660).png,malignant(663).png,6
sysucc,sysucc,malignant(766).png,malignant(768).png,6
sysucc,sysucc,malignant(773).png,malignant(775).png,6
sysucc,sysucc,malignant(803).png,malignant(804).png,6
sysucc,sysucc,malignant(811).png,malignant(812).png,6
sysucc,sysucc,malignant(868).png,malignant(870).png,6
sysucc,sysucc,malignant(902).png,malignant(904).png,6
sysucc,sysucc,malignant(914).png,malignant(915).png,6
sysucc,sysucc,malignant(936).png,malignant(937).png,6
sysucc,sysucc,malignant(945).png,malignant(946).png,6
sysucc,sysucc,malignant(96).png,malignant(97).png,6
sysucc,sysucc,benign(105).png,benign(107).png,8
sysucc,sysucc,benign(188).png,benign(190).png,8
sysucc,sysucc,benign(216).png,benign(219).png,8
sysucc,sysucc,benign(274).png,malignant(1023).png,8
sysucc,sysucc,benign(310).png,benign(381).png,8
sysucc,sysucc,benign(316).png,benign(319).png,8
sysucc,sysucc,benign(330).png,benign(331).png,8
sysucc,sysucc,benign(342).png,benign(343).png,8
sysucc,sysucc,benign(381).png,benign(382).png,8
sysucc,sysucc,benign(424).png,benign(427).png,8
sysucc,sysucc,benign(430).png,benign(432).png,8
sysucc,sysucc,malignant(1006).png,malignant(1007).png,8
sysucc,sysucc,malignant(1006).png,malignant(1009).png,8
sysucc,sysucc,malignant(1022).png,malignant(1023).png,8
sysucc,sysucc,malignant(1072).png,malignant(1073).png,8
sysucc,sysucc,malignant(1099).png,malignant(1102).png,8
sysucc,sysucc,malignant(1109).png,malignant(284).png,8
sysucc,sysucc,malignant(111).png,malignant(112).png,8
sysucc,sysucc,malignant(132).png,malignant(133).png,8
sysucc,sysucc,malignant(151).png,malignant(153).png,8
sysucc,sysucc,malignant(170).png,malignant(172).png,8
sysucc,sysucc,malignant(194).png,malignant(202).png,8
sysucc,sysucc,malignant(215).png,malignant(216).png,8
sysucc,sysucc,malignant(251).png,malignant(253).png,8
sysucc,sysucc,malignant(269).png,malignant(270).png,8
sysucc,sysucc,malignant(322).png,malignant(6).png,8
sysucc,sysucc,malignant(323).png,malignant(4).png,8
sysucc,sysucc,malignant(323).png,malignant(6).png,8
sysucc,sysucc,malignant(327).png,malignant(379).png,8
sysucc,sysucc,malignant(36).png,malignant(37).png,8
sysucc,sysucc,malignant(374).png,malignant(378).png,8
sysucc,sysucc,malignant(397).png,malignant(398).png,8
sysucc,sysucc,malignant(397).png,malignant(948).png,8
sysucc,sysucc,malignant(398).png,malignant(947).png,8
sysucc,sysucc,malignant(471).png,malignant(473).png,8
sysucc,sysucc,malignant(621).png,malignant(689).png,8
sysucc,sysucc,malignant(659).png,malignant(660).png,8
sysucc,sysucc,malignant(918).png,malignant(919).png,8
sysucc,sysucc,malignant(947).png,malignant(948).png,8
sysucc,sysucc,malignant(985).png,malignant(987).png,8
