image_path,patient_id,dice,iou
data/raw/busbra/Images/bus_0002-l.png,2,0.9186367823175119,0.8495173197132585
data/raw/busbra/Images/bus_0002-r.png,2,0.8883116883165233,0.7990654205763967
data/raw/busbra/Images/bus_0005-l.png,5,0.6661237785070664,0.49938949940172433
data/raw/busbra/Images/bus_0005-r.png,5,0.5617605902612675,0.3905890677624166
data/raw/busbra/Images/bus_0011-l.png,11,0.9496210432467762,0.9040747028903194
data/raw/busbra/Images/bus_0011-r.png,11,0.9221949221970462,0.8556231003112653
data/raw/busbra/Images/bus_0016-l.png,16,0.8457914172947181,0.7327890556104857
data/raw/busbra/Images/bus_0016-r.png,16,0.6781444285082393,0.5130246020377949
data/raw/busbra/Images/bus_0017-s.png,17,0.9669820428660556,0.93607476635753
data/raw/busbra/Images/bus_0028-l.png,28,0.7974714320496603,0.6631621512469406
data/raw/busbra/Images/bus_0028-r.png,28,0.8652952886559324,0.7625730994244612
data/raw/busbra/Images/bus_0031-s.png,31,0.9444959726631951,0.8948293404875143
data/raw/busbra/Images/bus_0036-l.png,36,0.9578010065823113,0.9190193164963217
data/raw/busbra/Images/bus_0036-r.png,36,0.9671641791052316,0.9364161849739254
data/raw/busbra/Images/bus_0037-s.png,37,0.9215336602781646,0.8544853245202776
data/raw/busbra/Images/bus_0042-l.png,42,0.9752540874947497,0.9517033203977641
data/raw/busbra/Images/bus_0042-r.png,42,0.8905022770781433,0.8026174895918784
data/raw/busbra/Images/bus_0047-l.png,47,0.95073235685971,0.9060913705663205
data/raw/busbra/Images/bus_0047-r.png,47,0.9515845070443845,0.9076406381269824
data/raw/busbra/Images/bus_0058-l.png,58,0.8920687634308846,0.8051661817878413
data/raw/busbra/Images/bus_0058-r.png,58,0.9003763121416758,0.8188040345843082
data/raw/busbra/Images/bus_0061-l.png,61,0.9532567049826338,0.9106881405629071
data/raw/busbra/Images/bus_0061-r.png,61,0.7822794396144537,0.642412935345621
data/raw/busbra/Images/bus_0062-l.png,62,0.9492606552631304,0.9034216335567489
data/raw/busbra/Images/bus_0062-r.png,62,0.9577146089667979,0.9188602442355804
data/raw/busbra/Images/bus_0063-s.png,63,0.7243617145310521,0.5678425638239941
data/raw/busbra/Images/bus_0067-l.png,67,0.9202633504042852,0.8523035230419015
data/raw/busbra/Images/bus_0067-r.png,67,0.9024334773731537,0.8222130128544463
data/raw/busbra/Images/bus_0073-l.png,73,0.9648478488983698,0.9320831221495853
data/raw/busbra/Images/bus_0073-r.png,73,0.964939685845852,0.9322545485039636
data/raw/busbra/Images/bus_0074-s.png,74,0.9659426675653624,0.9341287347109071
data/raw/busbra/Images/bus_0075-l.png,75,0.9476270926133062,0.9004670169322689
data/raw/busbra/Images/bus_0075-r.png,75,0.9008189262984382,0.8195364238470352
data/raw/busbra/Images/bus_0079-l.png,79,0.9345957393800013,0.8772217025271606
data/raw/busbra/Images/bus_0079-r.png,79,0.9425287356325126,0.8913043478272625
data/raw/busbra/Images/bus_0082-s.png,82,0.8183908045995988,0.6926070038964873
data/raw/busbra/Images/bus_0083-l.png,83,0.9567003251761647,0.9169947506588912
data/raw/busbra/Images/bus_0083-r.png,83,0.9556118143467407,0.9149967679406917
data/raw/busbra/Images/bus_0089-s.png,89,0.9809825322677478,0.9626748935432229
data/raw/busbra/Images/bus_0109-s.png,109,0.8918191232316754,0.8047595315249843
data/raw/busbra/Images/bus_0114-s.png,114,0.9372813336078996,0.8819656257570468
data/raw/busbra/Images/bus_0120-l.png,120,0.8781153977508325,0.7827145465743935
data/raw/busbra/Images/bus_0120-r.png,120,0.9205419260373291,0.8527815468213853
data/raw/busbra/Images/bus_0125-l.png,125,0.9312726076970973,0.8713846153925302
data/raw/busbra/Images/bus_0125-r.png,125,0.9214549288391432,0.8543499511383822
data/raw/busbra/Images/bus_0130-l.png,130,0.7513600000079564,0.601742696073719
data/raw/busbra/Images/bus_0130-r.png,130,0.8738336714021535,0.7759365994317026
data/raw/busbra/Images/bus_0132-l.png,132,0.9660233212709487,0.9342796033456294
data/raw/busbra/Images/bus_0132-r.png,132,0.9589991781576204,0.9212280701768205
data/raw/busbra/Images/bus_0133-l.png,133,0.8236524163589258,0.7001777602271345
data/raw/busbra/Images/bus_0133-r.png,133,0.9439686811849282,0.8938832252109851
data/raw/busbra/Images/bus_0134-l.png,134,0.9572827672434724,0.918065547563042
data/raw/busbra/Images/bus_0134-r.png,134,0.9165006640113172,0.8458709973977957
data/raw/busbra/Images/bus_0142-l.png,142,0.953855556687849,0.9117818889987969
data/raw/busbra/Images/bus_0142-r.png,142,0.9533987000115303,0.9109473684229275
data/raw/busbra/Images/bus_0145-l.png,145,0.9665350744004462,0.9352374236020775
data/raw/busbra/Images/bus_0145-r.png,145,0.9747611746669728,0.950764983320479
data/raw/busbra/Images/bus_0148-l.png,148,0.7718360071369033,0.6284470246914153
data/raw/busbra/Images/bus_0148-r.png,148,0.8575827559716096,0.7506738544642403
data/raw/busbra/Images/bus_0153-l.png,153,0.8968850698229385,0.8130477118000926
data/raw/busbra/Images/bus_0153-r.png,153,0.9213180901196155,0.8541147132351478
data/raw/busbra/Images/bus_0164-l.png,164,0.9544615925265633,0.9128900341722431
data/raw/busbra/Images/bus_0164-r.png,164,0.9623543672975878,0.9274402907585187
data/raw/busbra/Images/bus_0168-l.png,168,0.662952646247378,0.4958333333508392
data/raw/busbra/Images/bus_0168-r.png,168,0.8725336674014239,0.7738888889014506
data/raw/busbra/Images/bus_0170-l.png,170,0.9376276220536697,0.8825790669249942
data/raw/busbra/Images/bus_0170-r.png,170,0.7472775065746993,0.5965227817826434
data/raw/busbra/Images/bus_0172-l.png,172,0.957354954196511,0.9181983437705878
data/raw/busbra/Images/bus_0172-r.png,172,0.9491078669915947,0.9031448967797966
data/raw/busbra/Images/bus_0178-l.png,178,0.9087779690228581,0.8328075709911035
data/raw/busbra/Images/bus_0178-r.png,178,0.847865303677218,0.7359081419899887
data/raw/busbra/Images/bus_0179-l.png,179,0.48271446866307843,0.31814345997315246
data/raw/busbra/Images/bus_0179-r.png,179,0.8614318706857469,0.7565922921386222
data/raw/busbra/Images/bus_0180-l.png,180,0.9573710214870885,0.9182279039021575
data/raw/busbra/Images/bus_0180-r.png,180,0.9697488235655457,0.9412741725004
data/raw/busbra/Images/bus_0182-l.png,182,0.9492618007907127,0.9034237086898195
data/raw/busbra/Images/bus_0182-r.png,182,0.9410433172143118,0.8886513797145618
data/raw/busbra/Images/bus_0184-l.png,184,0.9542036910489267,0.9124183006650434
data/raw/busbra/Images/bus_0184-r.png,184,0.898734177220531,0.8160919540406041
data/raw/busbra/Images/bus_0186-l.png,186,0.9513639247203282,0.9072393627766235
data/raw/busbra/Images/bus_0186-r.png,186,0.9503498833730365,0.9053968253998287
data/raw/busbra/Images/bus_0194-l.png,194,0.9208315958782342,0.8532788695092373
data/raw/busbra/Images/bus_0194-r.png,194,0.9360280247915062,0.879748758992202
data/raw/busbra/Images/bus_0207-l.png,207,0.9406089462477095,0.8878769958617636
data/raw/busbra/Images/bus_0207-r.png,207,0.9377165180221293,0.8827366083835313
data/raw/busbra/Images/bus_0210-l.png,210,0.8651942117339987,0.7624161073984955
data/raw/busbra/Images/bus_0210-r.png,210,0.866539561493492,0.7645079899272911
data/raw/busbra/Images/bus_0214-l.png,214,0.9200873362462862,0.8520016174746461
data/raw/busbra/Images/bus_0214-r.png,214,0.9313399778535066,0.8715025906802331
data/raw/busbra/Images/bus_0223-l.png,223,0.9287047405757285,0.8668989547069246
data/raw/busbra/Images/bus_0223-r.png,223,0.9373439273559893,0.8820764793872661
data/raw/busbra/Images/bus_0227-l.png,227,0.9496402877702155,0.9041095890426597
data/raw/busbra/Images/bus_0227-r.png,227,0.8635196523813596,0.7598192561737953
data/raw/busbra/Images/bus_0228-l.png,228,0.7576112412248943,0.6098020735339397
data/raw/busbra/Images/bus_0228-r.png,228,0.935930909822536,0.8795771989475433
data/raw/busbra/Images/bus_0230-l.png,230,0.6548257372769831,0.486796213279183
data/raw/busbra/Images/bus_0230-r.png,230,0.9233862859456388,0.8576765035540651
data/raw/busbra/Images/bus_0231-l.png,231,0.9684939248377473,0.9389124777436116
data/raw/busbra/Images/bus_0231-r.png,231,0.9674664182004235,0.9369830049641001
data/raw/busbra/Images/bus_0236-l.png,236,0.7942283563427155,0.6586888657825865
data/raw/busbra/Images/bus_0236-r.png,236,0.8955851436616824,0.8109137055957543
data/raw/busbra/Images/bus_0238-l.png,238,0.9420619986137364,0.8904699494486944
data/raw/busbra/Images/bus_0238-r.png,238,0.9587912087914265,0.9208443271775842
data/raw/busbra/Images/bus_0241-l.png,241,0.924721603565151,0.8599834299975152
data/raw/busbra/Images/bus_0241-r.png,241,0.9453971119145894,0.8964484381730232
data/raw/busbra/Images/bus_0252-l.png,252,0.9460127028943893,0.8975560763341963
data/raw/busbra/Images/bus_0252-r.png,252,0.9557876027559257,0.9153191489397736
data/raw/busbra/Images/bus_0253-l.png,253,0.9243311516830366,0.859308283521364
data/raw/busbra/Images/bus_0253-r.png,253,0.9348589554782502,0.877685598811366
data/raw/busbra/Images/bus_0255-l.png,255,0.9016574585689692,0.820925553337935
data/raw/busbra/Images/bus_0255-r.png,255,0.9160935350814241,0.8451776649942668
data/raw/busbra/Images/bus_0263-l.png,263,0.9321396133394039,0.8729040097236233
data/raw/busbra/Images/bus_0263-r.png,263,0.8908880818761069,0.8032445304390051
data/raw/busbra/Images/bus_0267-l.png,267,0.9256852917522079,0.8616518834251623
data/raw/busbra/Images/bus_0267-r.png,267,0.9306736429042366,0.8703363914386306
data/raw/busbra/Images/bus_0272-l.png,272,0.8937644341804174,0.8079331941553999
data/raw/busbra/Images/bus_0272-r.png,272,0.878580900197957,0.7834545535684108
data/raw/busbra/Images/bus_0284-l.png,284,0.9545222279001787,0.9130009775183214
data/raw/busbra/Images/bus_0284-r.png,284,0.9171731617218785,0.8470173893936381
data/raw/busbra/Images/bus_0303-l.png,303,0.4898021216465856,0.3243297641118898
data/raw/busbra/Images/bus_0303-r.png,303,0.1163193744745624,0.061751112636675154
data/raw/busbra/Images/bus_0305-l.png,305,0.8890612878286221,0.8002793296368325
data/raw/busbra/Images/bus_0305-r.png,305,0.8003442340963558,0.6671449067909405
data/raw/busbra/Images/bus_0311-l.png,311,0.8629707113006545,0.7589696412254384
data/raw/busbra/Images/bus_0311-r.png,311,0.8972696916146676,0.8136800855071721
data/raw/busbra/Images/bus_0319-l.png,319,0.9124380137224887,0.838975640226871
data/raw/busbra/Images/bus_0319-r.png,319,0.902934999744389,0.8230460360461009
data/raw/busbra/Images/bus_0321-s.png,321,0.8893095546483546,0.8006817366361618
data/raw/busbra/Images/bus_0322-s.png,322,0.9121574139204387,0.8385012920105296
data/raw/busbra/Images/bus_0328-l.png,328,0.9648432844718764,0.9320746028106821
data/raw/busbra/Images/bus_0328-r.png,328,0.9377427032451742,0.8827830188706891
data/raw/busbra/Images/bus_0329-l.png,329,0.9650621118015135,0.9324831207812081
data/raw/busbra/Images/bus_0329-r.png,329,0.9256907701356515,0.8616613768210389
data/raw/busbra/Images/bus_0332-l.png,332,0.9492250133645523,0.9033570702031173
data/raw/busbra/Images/bus_0332-r.png,332,0.9394473838953882,0.8858093126512406
data/raw/busbra/Images/bus_0335-l.png,335,0.9583573210524207,0.9200442151834913
data/raw/busbra/Images/bus_0335-r.png,335,0.9254193548406343,0.8611911623505673
data/raw/busbra/Images/bus_0342-l.png,342,0.8199553414042781,0.6948511104502055
data/raw/busbra/Images/bus_0342-r.png,342,0.8134437408679326,0.685550082104388
data/raw/busbra/Images/bus_0349-l.png,349,0.9435578045954239,0.8931466470233496
data/raw/busbra/Images/bus_0349-r.png,349,0.9096011224712447,0.8341911764766842
data/raw/busbra/Images/bus_0351-l.png,351,0.9376053962906695,0.882539682541876
data/raw/busbra/Images/bus_0351-r.png,351,0.9659850760735925,0.934208059982489
data/raw/busbra/Images/bus_0356-l.png,356,0.8362018669790242,0.7185110916190185
data/raw/busbra/Images/bus_0356-r.png,356,0.7863551855162367,0.6479285999780481
data/raw/busbra/Images/bus_0357-l.png,357,0.9405815423519547,0.8878281622929542
data/raw/busbra/Images/bus_0357-r.png,357,0.9423622047248633,0.8910065515203841
data/raw/busbra/Images/bus_0361-l.png,361,0.9294823705952933,0.8682550805978798
data/raw/busbra/Images/bus_0361-r.png,361,0.9098671726797977,0.8346388163764457
data/raw/busbra/Images/bus_0362-l.png,362,0.9743629704669652,0.9500075976302992
data/raw/busbra/Images/bus_0362-r.png,362,0.9548421473294603,0.9135865409136683
data/raw/busbra/Images/bus_0364-l.png,364,0.8737083811716254,0.7757390417958462
data/raw/busbra/Images/bus_0364-r.png,364,0.892269395658082,0.8054931335846401
data/raw/busbra/Images/bus_0365-l.png,365,0.9501292944237115,0.9049964813578468
data/raw/busbra/Images/bus_0365-r.png,365,0.9289437585753376,0.8673155737772892
data/raw/busbra/Images/bus_0366-l.png,366,0.9168962758873265,0.8465452158239529
data/raw/busbra/Images/bus_0366-r.png,366,0.9486465252485633,0.9023097826100229
data/raw/busbra/Images/bus_0370-l.png,370,0.9237275336055796,0.8582655065968915
data/raw/busbra/Images/bus_0370-r.png,370,0.9432110585845059,0.8925254813149204
data/raw/busbra/Images/bus_0381-l.png,381,0.9603698811101669,0.9237611181722043
data/raw/busbra/Images/bus_0381-r.png,381,0.9650095127805028,0.9323849104870143
data/raw/busbra/Images/bus_0382-l.png,382,0.8792861157962388,0.7845768025105382
data/raw/busbra/Images/bus_0382-r.png,382,0.9421272158502207,0.8905864958120924
data/raw/busbra/Images/bus_0387-l.png,387,0.9089089089098208,0.8330275229388435
data/raw/busbra/Images/bus_0387-r.png,387,0.871405410019017,0.7721155300200799
data/raw/busbra/Images/bus_0388-l.png,388,0.9621759456029675,0.9271089271148969
data/raw/busbra/Images/bus_0388-r.png,388,0.9426921368306223,0.8915966386645717
data/raw/busbra/Images/bus_0393-l.png,393,0.9607843137262156,0.9245283018894792
data/raw/busbra/Images/bus_0393-r.png,393,0.9296167247403109,0.8684895833390414
data/raw/busbra/Images/bus_0398-l.png,398,0.9027905550454586,0.8228060368954201
data/raw/busbra/Images/bus_0398-r.png,398,0.9698393310159744,0.9414447282024545
data/raw/busbra/Images/bus_0407-l.png,407,0.8716337522470459,0.7724741447982311
data/raw/busbra/Images/bus_0407-r.png,407,0.9214232765025682,0.8542955326510552
data/raw/busbra/Images/bus_0410-l.png,410,0.9575857944617022,0.9186231244498037
data/raw/busbra/Images/bus_0410-r.png,410,0.9665933186640668,0.9353464963233576
data/raw/busbra/Images/bus_0415-l.png,415,0.9081237911047358,0.8317094774210936
data/raw/busbra/Images/bus_0415-r.png,415,0.9651937793146089,0.9327290076367973
data/raw/busbra/Images/bus_0416-l.png,416,0.9589009990922014,0.9210468920409804
data/raw/busbra/Images/bus_0416-r.png,416,0.9664338815052215,0.9350479511783991
data/raw/busbra/Images/bus_0417-l.png,417,0.8987678987687415,0.8161475657723595
data/raw/busbra/Images/bus_0417-r.png,417,0.8509051014827108,0.74050028642848
data/raw/busbra/Images/bus_0436-l.png,436,0.711757442723887,0.5525026624115814
data/raw/busbra/Images/bus_0436-r.png,436,0.8992969286890136,0.8170204591315242
data/raw/busbra/Images/bus_0448-l.png,448,0.9419144981417138,0.8902064119471497
data/raw/busbra/Images/bus_0448-r.png,448,0.8868736193472453,0.7967411740150747
data/raw/busbra/Images/bus_0450-l.png,450,0.9433866891327432,0.8928400574088209
data/raw/busbra/Images/bus_0450-r.png,450,0.943380855397533,0.8928296067862653
data/raw/busbra/Images/bus_0452-l.png,452,0.8817567567607515,0.788519637475014
data/raw/busbra/Images/bus_0452-r.png,452,0.8358131036325812,0.7179372197435904
data/raw/busbra/Images/bus_0474-l.png,474,0.9475924448005429,0.9004044489433567
data/raw/busbra/Images/bus_0474-r.png,474,0.965217391305428,0.9327731092477327
data/raw/busbra/Images/bus_0481-l.png,481,0.945357757946683,0.8963776722121028
data/raw/busbra/Images/bus_0481-r.png,481,0.9526974198601896,0.9096677864908672
data/raw/busbra/Images/bus_0487-l.png,487,0.8909789644023971,0.8033923034870802
data/raw/busbra/Images/bus_0487-r.png,487,0.884776536313855,0.7933625547934664
data/raw/busbra/Images/bus_0488-l.png,488,0.9048755540418535,0.8262764632681732
data/raw/busbra/Images/bus_0488-r.png,488,0.9264623955452239,0.8629994810657499
data/raw/busbra/Images/bus_0491-l.png,491,0.9051603905226527,0.8267515923787577
data/raw/busbra/Images/bus_0491-r.png,491,0.9122302158336525,0.8386243386456846
data/raw/busbra/Images/bus_0492-l.png,492,0.9550647372446662,0.9139941691024785
data/raw/busbra/Images/bus_0492-r.png,492,0.9575589459096377,0.9185737094242377
data/raw/busbra/Images/bus_0496-l.png,496,0.9616322909744592,0.9260999572863691
data/raw/busbra/Images/bus_0496-r.png,496,0.958241758242778,0.9198312236324506
data/raw/busbra/Images/bus_0510-l.png,510,0.9368836291933963,0.881261595554653
data/raw/busbra/Images/bus_0510-r.png,510,0.9428768066089857,0.8919270833403693
data/raw/busbra/Images/bus_0512-l.png,512,0.9471264367827141,0.8995633187812797
data/raw/busbra/Images/bus_0512-r.png,512,0.9310744952441152,0.8710377768184526
data/raw/busbra/Images/bus_0513-l.png,513,0.9623188405805503,0.9273743016790986
data/raw/busbra/Images/bus_0513-r.png,513,0.9509803921583646,0.9065420560802253
data/raw/busbra/Images/bus_0514-l.png,514,0.9238790406693462,0.8585271317898001
data/raw/busbra/Images/bus_0514-r.png,514,0.8914089347116354,0.8040917545068759
data/raw/busbra/Images/bus_0519-l.png,519,0.9446425220502037,0.8950924608856653
data/raw/busbra/Images/bus_0519-r.png,519,0.916566316877403,0.845982851703843
data/raw/busbra/Images/bus_0520-l.png,520,0.9794064677787221,0.9596440079797507
data/raw/busbra/Images/bus_0520-r.png,520,0.9544835104937359,0.912930135559386
data/raw/busbra/Images/bus_0537-l.png,537,0.954301922472288,0.9125979505779025
data/raw/busbra/Images/bus_0537-r.png,537,0.9509001636681301,0.9063962558575354
data/raw/busbra/Images/bus_0543-l.png,543,0.9201267828855765,0.8520692691560884
data/raw/busbra/Images/bus_0543-r.png,543,0.9342800528412437,0.8766656337193472
data/raw/busbra/Images/bus_0545-l.png,545,0.9488817891390133,0.9027355623159431
data/raw/busbra/Images/bus_0545-r.png,545,0.5855758880665384,0.41400304416976136
data/raw/busbra/Images/bus_0550-l.png,550,0.9596047660567703,0.9223463687165299
data/raw/busbra/Images/bus_0550-r.png,550,0.9732062871571528,0.9478109137064116
data/raw/busbra/Images/bus_0552-l.png,552,0.9602040816331606,0.9234543670283745
data/raw/busbra/Images/bus_0552-r.png,552,0.9314414533890539,0.8716803176998839
data/raw/busbra/Images/bus_0560-l.png,560,0.9743020891109789,0.9498918529208743
data/raw/busbra/Images/bus_0560-r.png,560,0.9574285099983076,0.918333677048498
data/raw/busbra/Images/bus_0572-l.png,572,0.9442484121422549,0.8943850267520875
data/raw/busbra/Images/bus_0572-r.png,572,0.9003540718310392,0.8187672493267003
data/raw/busbra/Images/bus_0573-l.png,573,0.9733535528599073,0.9480903144134186
data/raw/busbra/Images/bus_0573-r.png,573,0.9624739402367098,0.9276624246499741
data/raw/busbra/Images/bus_0575-l.png,575,0.9244010234955943,0.8594290657500248
data/raw/busbra/Images/bus_0575-r.png,575,0.889375000003457,0.800787844693259
data/raw/busbra/Images/bus_0579-l.png,579,0.9405765638413663,0.8878192908893651
data/raw/busbra/Images/bus_0579-r.png,579,0.9368554569021296,0.8812117439580743
data/raw/busbra/Images/bus_0580-l.png,580,0.9705117730077211,0.9427128427136694
data/raw/busbra/Images/bus_0580-r.png,580,0.9665871121721226,0.9353348729802815
data/raw/busbra/Images/bus_0582-l.png,582,0.9317662422483916,0.872249388760865
data/raw/busbra/Images/bus_0582-r.png,582,0.9451795841227102,0.8960573476764602
data/raw/busbra/Images/bus_0584-l.png,584,0.8389857369280668,0.7226317226392948
data/raw/busbra/Images/bus_0584-r.png,584,0.9415505754097282,0.8895565093021586
data/raw/busbra/Images/bus_0585-l.png,585,0.9006812477608339,0.819308545341836
data/raw/busbra/Images/bus_0585-r.png,585,0.8836620227992824,0.7915721231834174
data/raw/busbra/Images/bus_0589-l.png,589,0.9515915119379446,0.9076533839400599
data/raw/busbra/Images/bus_0589-r.png,589,0.9291751675916883,0.8677191072472662
data/raw/busbra/Images/bus_0594-l.png,594,0.9356934797228804,0.8791578947393861
data/raw/busbra/Images/bus_0594-r.png,594,0.9615533230297377,0.9259534883734706
data/raw/busbra/Images/bus_0595-l.png,595,0.9442649434583145,0.8944146901341081
data/raw/busbra/Images/bus_0595-r.png,595,0.9690657547027971,0.9399879372756337
data/raw/busbra/Images/bus_0596-l.png,596,0.9352269311697082,0.8783345095288873
data/raw/busbra/Images/bus_0596-r.png,596,0.9557138991615792,0.9151839695989776
data/raw/busbra/Images/bus_0599-l.png,599,0.9465665957214454,0.8985538068928424
data/raw/busbra/Images/bus_0599-r.png,599,0.9141004862244363,0.8417910447787431
data/raw/busbra/Images/bus_0607-l.png,607,0.9343544857803964,0.8767967145917046
data/raw/busbra/Images/bus_0607-r.png,607,0.9275198188036512,0.8648363252518653
data/raw/busbra/Images/bus_0609-l.png,609,0.9090355329958474,0.8332402754544344
data/raw/busbra/Images/bus_0609-r.png,609,0.9027186374068925,0.8226865671677077
data/raw/busbra/Images/bus_0614-l.png,614,0.9617627997413842,0.9263420724117871
data/raw/busbra/Images/bus_0614-r.png,614,0.9274708756120355,0.8647512263537228
data/raw/busbra/Images/bus_0617-l.png,617,0.9363215937411483,0.880267558536437
data/raw/busbra/Images/bus_0617-r.png,617,0.9360703812335464,0.8798235942734386
data/raw/busbra/Images/bus_0623-l.png,623,0.9245052528716772,0.859609268517501
data/raw/busbra/Images/bus_0623-r.png,623,0.9466681700310444,0.8987368871783614
data/raw/busbra/Images/bus_0625-l.png,625,0.9516458569810696,0.9077522737128951
data/raw/busbra/Images/bus_0625-r.png,625,0.9325107496734669,0.8735551663769955
data/raw/busbra/Images/bus_0630-l.png,630,0.9590543331199953,0.9213298672879829
data/raw/busbra/Images/bus_0630-r.png,630,0.9627679578791352,0.9282088469914405
data/raw/busbra/Images/bus_0631-l.png,631,0.9580012922681563,0.9193881769334499
data/raw/busbra/Images/bus_0631-r.png,631,0.95810477780461,0.9195788188628173
data/raw/busbra/Images/bus_0632-l.png,632,0.9216867469926695,0.8547486033681845
data/raw/busbra/Images/bus_0632-r.png,632,0.9380645161330281,0.883353584461318
data/raw/busbra/Images/bus_0633-l.png,633,0.9656862745108552,0.9336492891034568
data/raw/busbra/Images/bus_0633-r.png,633,0.9122167231072619,0.8386015325747798
data/raw/busbra/Images/bus_0639-l.png,639,0.9357844371702873,0.879318504498833
data/raw/busbra/Images/bus_0639-r.png,639,0.9288127111231226,0.867087129178531
data/raw/busbra/Images/bus_0640-l.png,640,0.9657086871328731,0.9336911904020573
data/raw/busbra/Images/bus_0640-r.png,640,0.9618159422843409,0.9264406779673484
data/raw/busbra/Images/bus_0641-l.png,641,0.9082928358691285,0.8319931074143597
data/raw/busbra/Images/bus_0641-r.png,641,0.788222384788072,0.6504678539193942
data/raw/busbra/Images/bus_0643-l.png,643,0.961346869285701,0.9255706653719914
data/raw/busbra/Images/bus_0643-r.png,643,0.9442373853213007,0.8943652410054693
data/raw/busbra/Images/bus_0644-l.png,644,0.7697353010099585,0.6256664128022531
data/raw/busbra/Images/bus_0644-r.png,644,0.9284479209557147,0.8664515137564707
data/raw/busbra/Images/bus_0646-l.png,646,0.8177737881589869,0.6917236142982746
data/raw/busbra/Images/bus_0646-r.png,646,0.8614008941946646,0.7565445026390449
data/raw/busbra/Images/bus_0648-l.png,648,0.9572953736664302,0.9180887372048597
data/raw/busbra/Images/bus_0648-r.png,648,0.9460595446594385,0.897640412100444
data/raw/busbra/Images/bus_0651-l.png,651,0.9650769808491041,0.9325108853427065
data/raw/busbra/Images/bus_0651-r.png,651,0.9645542427502074,0.9315352697113191
data/raw/busbra/Images/bus_0652-l.png,652,0.9356395816598697,0.8790627362147345
data/raw/busbra/Images/bus_0652-r.png,652,0.9508704061914557,0.9063421828977624
data/raw/busbra/Images/bus_0663-l.png,663,0.8945518453457952,0.8092209857016841
data/raw/busbra/Images/bus_0663-r.png,663,0.8390360011949112,0.7227063044734646
data/raw/busbra/Images/bus_0664-s.png,664,0.9268317906824198,0.863640743954287
data/raw/busbra/Images/bus_0667-l.png,667,0.824152542375986,0.7009009009098829
data/raw/busbra/Images/bus_0667-r.png,667,0.9393891934230323,0.8857058476111723
data/raw/busbra/Images/bus_0669-l.png,669,0.7343566981090294,0.5802240623518731
data/raw/busbra/Images/bus_0669-r.png,669,0.887389659521517,0.7975745211402292
data/raw/busbra/Images/bus_0671-l.png,671,0.9424023817709561,0.891078388915308
data/raw/busbra/Images/bus_0671-r.png,671,0.9642292490122112,0.930929211983764
data/raw/busbra/Images/bus_0676-s.png,676,0.9135984290634069,0.8409399005910316
data/raw/busbra/Images/bus_0677-s.png,677,0.8866022679570222,0.7963032817881439
data/raw/busbra/Images/bus_0679-s.png,679,0.9326683291826543,0.8738317757205869
data/raw/busbra/Images/bus_0681-s.png,681,0.931116389551031,0.8711111111192945
data/raw/busbra/Images/bus_0700-s.png,700,0.4051049814983489,0.2540010325630356
data/raw/busbra/Images/bus_0718-s.png,718,0.9095909247195053,0.8341740227090685
data/raw/busbra/Images/bus_0740-s.png,740,0.9522935779838397,0.908931698782055
data/raw/busbra/Images/bus_0744-s.png,744,0.9141759180206196,0.8419189933211986
data/raw/busbra/Images/bus_0747-s.png,747,0.9622950819682433,0.9273301737794981
data/raw/busbra/Images/bus_0758-s.png,758,0.9481052113526106,0.9013308380130866
data/raw/busbra/Images/bus_0759-s.png,759,0.9518930957694456,0.9082022949465277
data/raw/busbra/Images/bus_0771-s.png,771,0.943169318765541,0.8924507354996885
data/raw/busbra/Images/bus_0772-s.png,772,0.969111969112395,0.9400749063686443
data/raw/busbra/Images/bus_0791-s.png,791,0.9637826961779733,0.9300970873820342
data/raw/busbra/Images/bus_0792-s.png,792,0.9292900258700109,0.8679194630890212
data/raw/busbra/Images/bus_0813-s.png,813,0.9076923076943961,0.8309859154999593
data/raw/busbra/Images/bus_0814-s.png,814,0.9474605954472421,0.9001663893534546
data/raw/busbra/Images/bus_0817-s.png,817,0.9246019825779168,0.8597765363148075
data/raw/busbra/Images/bus_0825-s.png,825,0.850439882712567,0.7397959184115994
data/raw/busbra/Images/bus_0826-s.png,826,0.9550108594479987,0.9138954869368895
data/raw/busbra/Images/bus_0830-s.png,830,0.9608475852427619,0.9246454818349586
data/raw/busbra/Images/bus_0837-s.png,837,0.9602841459483326,0.9236024844744223
data/raw/busbra/Images/bus_0838-s.png,838,0.9384719405007163,0.8840764331223615
data/raw/busbra/Images/bus_0841-s.png,841,0.8785593350795974,0.783420258035042
data/raw/busbra/Images/bus_0846-s.png,846,0.9359092302984374,0.8795389049026069
data/raw/busbra/Images/bus_0847-s.png,847,0.9319140389650148,0.8725084618325495
data/raw/busbra/Images/bus_0868-l.png,868,0.6812714776769214,0.5166123778816538
data/raw/busbra/Images/bus_0868-r.png,868,0.5177045177241472,0.3492586491296398
data/raw/busbra/Images/bus_0878-s.png,878,0.9595625872499778,0.9222684377659007
data/raw/busbra/Images/bus_0890-l.png,890,0.9587260318505452,0.9207240948863468
data/raw/busbra/Images/bus_0890-r.png,890,0.9582348305763532,0.9198184568875533
data/raw/busbra/Images/bus_0895-l.png,895,0.9645959678744092,0.9316131074888141
data/raw/busbra/Images/bus_0895-r.png,895,0.9555527732568201,0.914888515944439
data/raw/busbra/Images/bus_0896-l.png,896,0.9263698630144866,0.8628389154732289
data/raw/busbra/Images/bus_0896-r.png,896,0.941256830602096,0.8890322580680957
data/raw/busbra/Images/bus_0899-s.png,899,0.928802589000604,0.8670694864182206
data/raw/busbra/Images/bus_0909-l.png,909,0.7879256965998988,0.650063856975306
data/raw/busbra/Images/bus_0909-r.png,909,0.806461086642982,0.675688976393913
data/raw/busbra/Images/bus_0912-l.png,912,0.9630738862608887,0.9287777340164843
data/raw/busbra/Images/bus_0912-r.png,912,0.9522107674687184,0.9087808291069723
data/raw/busbra/Images/bus_0914-l.png,914,0.9253039953698522,0.8609913793178345
data/raw/busbra/Images/bus_0914-r.png,914,0.9470176607815056,0.8993670886139641
data/raw/busbra/Images/bus_0922-l.png,922,0.9496090356222935,0.9040529363149689
data/raw/busbra/Images/bus_0922-r.png,922,0.9218655360411306,0.8550561797834239
data/raw/busbra/Images/bus_0931-l.png,931,0.9727851766069155,0.9470124013531893
data/raw/busbra/Images/bus_0931-r.png,931,0.9681942834526358,0.9383494081546562
data/raw/busbra/Images/bus_0932-l.png,932,0.671922492404332,0.5059362036975263
data/raw/busbra/Images/bus_0932-r.png,932,0.7647461338474785,0.6191003766980036
data/raw/busbra/Images/bus_0944-l.png,944,0.8383705650513019,0.7217194570293145
data/raw/busbra/Images/bus_0944-r.png,944,0.9360824742300988,0.8798449612519529
data/raw/busbra/Images/bus_0945-l.png,945,0.9347398135425669,0.8774755927484137
data/raw/busbra/Images/bus_0945-r.png,945,0.88824801730407,0.798962386512763
data/raw/busbra/Images/bus_0948-l.png,948,0.94254643441495,0.8913360029142458
data/raw/busbra/Images/bus_0948-r.png,948,0.9395157337521859,0.8859308559828817
data/raw/busbra/Images/bus_0964-l.png,964,0.796894913685588,0.6623651772021887
data/raw/busbra/Images/bus_0964-r.png,964,0.5455693538250308,0.37510853835926034
data/raw/busbra/Images/bus_0972-s.png,972,0.9276872964177233,0.8651275820197423
data/raw/busbra/Images/bus_0974-l.png,974,0.9335899903774915,0.8754512635454
data/raw/busbra/Images/bus_0974-r.png,974,0.8488830486235461,0.73744292238442
data/raw/busbra/Images/bus_0980-l.png,980,0.7285307911135215,0.5729834320983614
data/raw/busbra/Images/bus_0980-r.png,980,0.8996064573130688,0.8175315670402341
data/raw/busbra/Images/bus_1001-l.png,1001,0.9149377593405116,0.8432122371086794
data/raw/busbra/Images/bus_1001-r.png,1001,0.90531177829646,0.8270042194275312
data/raw/busbra/Images/bus_1002-l.png,1002,0.5323890136546486,0.362758945401065
data/raw/busbra/Images/bus_1002-r.png,1002,0.9137773722647404,0.841243175143165
data/raw/busbra/Images/bus_1006-l.png,1006,0.954952649091951,0.9137888807270687
data/raw/busbra/Images/bus_1006-r.png,1006,0.9072530590546684,0.8302499188630234
data/raw/busbra/Images/bus_1007-l.png,1007,0.9501495513484471,0.9050332383755902
data/raw/busbra/Images/bus_1007-r.png,1007,0.7069351230588963,0.5467128028073778
data/raw/busbra/Images/bus_1027-l.png,1027,0.7242761692681038,0.5677374301751442
data/raw/busbra/Images/bus_1027-r.png,1027,0.7096677416957199,0.5499883748017903
data/raw/busbra/Images/bus_1033-l.png,1033,0.8594588151158693,0.7535535117082612
data/raw/busbra/Images/bus_1033-r.png,1033,0.9315950596435575,0.8719494121146927
data/raw/busbra/Images/bus_1040-l.png,1040,0.9134052388316362,0.8406125921814741
data/raw/busbra/Images/bus_1040-r.png,1040,0.9328743545630271,0.8741935483938605
data/raw/busbra/Images/bus_1050-l.png,1050,0.9437570303718362,0.8935037273718104
data/raw/busbra/Images/bus_1050-r.png,1050,0.8514534883742522,0.7413313085360331
data/raw/busbra/Images/bus_1058-l.png,1058,0.9404485692211737,0.8875912408841174
data/raw/busbra/Images/bus_1058-r.png,1058,0.9182083739085586,0.8487848785014594
data/raw/busbra/Images/bus_1059-l.png,1059,0.8214551775559609,0.6970080067552884
data/raw/busbra/Images/bus_1059-r.png,1059,0.8744645799052895,0.7769320843221936
data/raw/busbra/Images/bus_1064-l.png,1064,0.8236397748675592,0.7001594896570845
data/raw/busbra/Images/bus_1064-r.png,1064,0.12052401747364976,0.0641263940592927
