cohort,method,k,sens_median,sens_p2.5,sens_p97.5,spec_median,spec_p2.5,spec_p97.5,recovery_median,recovery_p2.5,recovery_p97.5,frac_degenerate,frac_fit_failed
breast,M1,10,0.8297872340425532,0.24989690721649485,1.0,0.7635135135135135,0.0,0.9694699440820129,1.6363636363636362,-1.9048135080645163,2.6934952978056423,0.008,0.0
breast,M1,20,0.8971394984326019,0.6022085777126099,1.0,0.6388888888888888,0.0,0.8947540135920418,1.096774193548387,-1.9672311827956988,2.3050691244239623,0.0,0.0
breast,M1,30,0.8698179271708684,0.6043813387423935,0.989010989010989,0.6985294117647058,0.007518796992481203,0.8865037593984961,1.3559907834101383,-1.890972222222222,2.254861111111111,0.0,0.0
breast,M1,50,0.8947368421052632,0.698055907507127,1.0,0.64,0.18494410569105693,0.8530887644942022,1.0740740740740742,-1.112895256916996,2.123285953177257,0.0,0.0
breast,M1,100,0.896551724137931,0.7480410447761194,0.9841269841269841,0.6363636363636364,0.27956989247311825,0.8137260536398466,1.0,-0.6190476190476191,1.942892156862745,0.0,0.0
breast,M2a,10,0.9157894736842105,0.8404255319148937,1.0,0.4276029385089788,0.0,0.7181208053691275,0.0909090909090909,-1.9533770161290325,1.4531524926686217,0.008,0.122
breast,M2a,20,0.9222222222222223,0.8658801498127341,1.0,0.44998979383547666,0.006967511655011655,0.695831499144045,0.19052419354838707,-1.870967741935484,1.3843749999999992,0.0,0.018
breast,M2a,30,0.9195402298850575,0.8654939709509455,0.9883720930232558,0.44776119402985076,0.12126245847176083,0.6519976949673453,0.1724137931034483,-1.302354838709677,1.1791187739463596,0.0,0.01
breast,M2a,50,0.9230769230769231,0.8834038054968287,0.9872646867900032,0.4214876033057851,0.21996670081967212,0.6235016393442623,0.10000000000000005,-0.9385416666666666,1.0194444444444435,0.0,0.0
breast,M2a,100,0.9230769230769231,0.8790360501567398,0.9836065573770492,0.42391304347826086,0.28177419354838706,0.5757575757575758,0.10263157894736843,-0.6486029411764708,0.9090909090909093,0.0,0.0
breast,M2b,10,0.8804347826086957,0.2951353092783505,1.0,0.6599401414837657,0.0,0.9659863945578231,1.1333333333333337,-1.9048135080645163,2.6409824046920813,0.008,0.122
breast,M2b,20,0.9,0.6022085777126099,1.0,0.6334481710406323,0.0,0.8947540135920418,1.0,-1.9672311827956988,2.3050691244239623,0.0,0.018
breast,M2b,30,0.872093023255814,0.6043813387423935,0.989010989010989,0.6959742351046698,0.007518796992481203,0.8865037593984961,1.3548387096774195,-1.890972222222222,2.254861111111111,0.0,0.01
breast,M2b,50,0.8947368421052632,0.698055907507127,1.0,0.64,0.18494410569105693,0.8530887644942022,1.0740740740740742,-1.112895256916996,2.123285953177257,0.0,0.0
breast,M2b,100,0.896551724137931,0.7480410447761194,0.9841269841269841,0.6363636363636364,0.27956989247311825,0.8137260536398466,1.0,-0.6190476190476191,1.942892156862745,0.0,0.0
breast,M3,10,0.8210526315789474,0.21327576754385974,0.9894204927211646,0.7635135135135135,0.013199285465318926,0.9694699440820129,1.6363636363636362,-1.9032258064516134,2.6934952978056423,0.008,0.0
breast,M3,20,0.8971394984326019,0.6022085777126099,1.0,0.6388888888888888,0.0,0.8947540135920418,1.096774193548387,-1.9672311827956988,2.3050691244239623,0.0,0.0
breast,M3,30,0.8698179271708684,0.6043813387423935,0.989010989010989,0.6988887660327289,0.007518796992481203,0.8865037593984961,1.3559907834101383,-1.890972222222222,2.254861111111111,0.0,0.0
breast,M3,50,0.8947368421052632,0.698055907507127,1.0,0.64,0.18494410569105693,0.8530887644942022,1.0740740740740742,-1.112895256916996,2.123285953177257,0.0,0.0
breast,M3,100,0.896551724137931,0.7480410447761194,0.9841269841269841,0.6363636363636364,0.27956989247311825,0.8137260536398466,1.0,-0.6190476190476191,1.942892156862745,0.0,0.0
busi,M1,10,0.8464108813585973,0.31771059782608696,0.9970312499999998,0.9,0.22301955529964135,0.9952043844313581,1.4249999999999998,-2.11837085678549,1.9473684210526312,0.006,0.0
busi,M1,20,0.8885233918128654,0.5862168874172186,0.9936305732484076,0.8235294117647058,0.27580081537565526,0.9710876532887402,1.0378205128205127,-1.9200391180654341,1.8134246088193462,0.0,0.0
busi,M1,30,0.88,0.6575733535688006,0.9931506849315068,0.828357100415924,0.29743589743589743,0.9650078751968799,1.0526315789473681,-1.7105263157894737,1.7923076923076924,0.0,0.0
busi,M1,50,0.8943661971830986,0.7147237514258792,0.9854014598540146,0.8181818181818182,0.47962497796580295,0.9612239103744629,1.0,-0.7648484848484851,1.7837837837837835,0.0,0.0
busi,M1,100,0.9037543859649123,0.7710344827586207,0.9707393662574935,0.8018755935422602,0.6265297535564015,0.9442805383022774,0.9032258064516128,0.03276881720430116,1.6007812499999998,0.0,0.0
busi,M2a,10,0.9428565669596065,0.8164556962025317,0.9907554298374014,0.68645903859174,0.3086168738263436,0.9095238095238095,0.29634146341463413,-1.7181249999999997,1.5,0.006,0.204
busi,M2a,20,0.9223292836196062,0.8299953314659198,0.967741935483871,0.750609756097561,0.5591001747233547,0.9019607843137255,0.6315789473684212,-0.39260269576379947,1.4250000000000005,0.0,0.054
busi,M2a,30,0.92,0.8546780821917809,0.9667825607064018,0.7543844221105528,0.5904318181818182,0.885,0.6578947368421051,-0.21666666666666695,1.3919590643274853,0.0,0.01
busi,M2a,50,0.9214285714285714,0.8591549295774648,0.9644186930091185,0.7513513513513513,0.631838014725934,0.8709677419354839,0.6666666666666665,0.0,1.2715601965601966,0.0,0.004
busi,M2a,100,0.923728813559322,0.865829087540528,0.9625667228543333,0.7477229601518027,0.6707676867141342,0.8184801136363636,0.6071428571428569,0.1519965277777778,1.0358237547892721,0.0,0.0
busi,M2b,10,0.9299363057324841,0.3768439440993789,0.9970312499999998,0.715633423180593,0.22301955529964135,0.9951923076923077,0.45000000000000007,-2.11837085678549,1.9230769230769234,0.006,0.204
busi,M2b,20,0.9013157894736842,0.5862168874172186,0.9936305732484076,0.8048613369257211,0.27580081537565526,0.9710876532887402,0.9444444444444445,-1.9200391180654341,1.7975641025641023,0.0,0.054
busi,M2b,30,0.8833392634762498,0.6575733535688006,0.9931506849315068,0.8263016600167479,0.29743589743589743,0.9650078751968799,1.0512820512820515,-1.7105263157894737,1.7923076923076924,0.0,0.01
busi,M2b,50,0.8943661971830986,0.7147237514258792,0.9854014598540146,0.8179450757575758,0.47962497796580295,0.9612239103744629,1.0,-0.7648484848484851,1.7825802364864862,0.0,0.004
busi,M2b,100,0.9037543859649123,0.7710344827586207,0.9707393662574935,0.8018755935422602,0.6265297535564015,0.9442805383022774,0.9032258064516128,0.03276881720430116,1.6007812499999998,0.0,0.0
busi,M3,10,0.8427672955974843,0.29495949074074074,0.9937106918238994,0.9,0.27656117247238743,0.9952043844313581,1.4249999999999998,-1.8717948717948716,1.9473684210526312,0.006,0.0
busi,M3,20,0.8885233918128654,0.5862168874172186,0.9936305732484076,0.8235294117647058,0.27580081537565526,0.9710876532887402,1.0378205128205127,-1.9200391180654341,1.8134246088193462,0.0,0.0
busi,M3,30,0.8791946308724832,0.6575733535688006,0.9931506849315068,0.83,0.29743589743589743,0.9650078751968799,1.0526315789473686,-1.7105263157894737,1.7923076923076924,0.0,0.0
busi,M3,50,0.8943661971830986,0.7147237514258792,0.9854014598540146,0.8181818181818182,0.47962497796580295,0.9612239103744629,1.0,-0.7648484848484851,1.7837837837837835,0.0,0.0
busi,M3,100,0.9037543859649123,0.7710344827586207,0.9707393662574935,0.8018755935422602,0.6265297535564015,0.9442805383022774,0.9032258064516128,0.03276881720430116,1.6007812499999998,0.0,0.0
gdph,M1,10,0.8664000349680916,0.2895855129322871,0.9946098517872711,0.8265525728039551,0.1736111111111111,0.9929992320763349,1.162356621480709,-0.8792936882782313,1.6811594202898552,0.0,0.0
gdph,M1,20,0.8879773058116531,0.5981789450741064,0.9945433361623561,0.7981109140990041,0.17652122641509435,0.956991755261445,1.074074074074074,-0.870082918739635,1.573529411764706,0.0,0.0
gdph,M1,30,0.8865817263544535,0.6422346850733391,0.9890281353023529,0.7997613365155132,0.213379917184265,0.9521585595485426,1.0783347257031468,-0.734587542087542,1.5601763907734056,0.0,0.0
gdph,M1,50,0.8969904375163741,0.7459100566572238,0.9829314782439782,0.7792653979094657,0.3397405996296824,0.9092078877005347,1.0223076072534276,-0.34250000000000014,1.4053334672559261,0.0,0.0
gdph,M1,100,0.8957045401082098,0.7801097531751737,0.9693251533742331,0.7812916666666667,0.5278448548812665,0.8876361299369011,1.0241935483870968,0.2312769010043042,1.3362258953168042,0.0,0.0
gdph,M1,200,0.9028776978417267,0.8220514087361913,0.9575971731448764,0.7713414634146342,0.6435807617458994,0.8503434249133102,0.9818166790643856,0.5983473389355742,1.2361068111455107,0.0,0.0
gdph,M2a,10,0.9514824797843666,0.8594594594594595,0.9946167724545691,0.5897435897435898,0.13639018691588786,0.8308322860273266,0.422393117831074,-0.993014705882353,1.1798561151079139,0.0,0.204
gdph,M2a,20,0.9426229508196722,0.896457765667575,0.9795779300768214,0.6494117647058824,0.3431067715431642,0.7763716129899818,0.609494884910486,-0.3479703828178334,1.0110758489368452,0.0,0.072
gdph,M2a,30,0.9410938532716457,0.9006826172320899,0.9776266783512253,0.6567337197408796,0.3946424479530529,0.7675104974614718,0.6292087542087541,-0.178801703163017,0.9782676048941867,0.0,0.034
gdph,M2a,50,0.9401709401709402,0.9031339031339032,0.9717169494238156,0.6580927200072109,0.4547443768255611,0.7524509803921569,0.6412213740458014,0.0,0.9296874999999999,0.0,0.004
gdph,M2a,100,0.93993993993994,0.9085365853658537,0.9694233502917851,0.6537459935897436,0.5147009301693751,0.7154156366312983,0.6299212598425197,0.19817545849877094,0.8278183937274848,0.0,0.0
gdph,M2a,200,0.9421029281277729,0.9192628205128205,0.9638423806409417,0.6458041892824502,0.5727079047898913,0.6977168885905038,0.611111111111111,0.37181432038834944,0.7660020011435105,0.0,0.0
gdph,M2b,10,0.9363198366591508,0.3148229864069791,0.9946098517872711,0.6686046511627908,0.1736111111111111,0.9929828569239861,0.6702898550724636,-0.8792936882782313,1.6716101032217705,0.0,0.204
gdph,M2b,20,0.9041095890410958,0.6121060543230356,0.9945433361623561,0.7664333930293429,0.17652122641509435,0.9552941176470588,0.9708029197080293,-0.870082918739635,1.5625263584752636,0.0,0.072
gdph,M2b,30,0.893853920398243,0.6422346850733391,0.9890281353023529,0.7876626739316432,0.213379917184265,0.9521585595485426,1.037175234936429,-0.734587542087542,1.5601763907734056,0.0,0.034
gdph,M2b,50,0.8978721349472057,0.7459100566572238,0.9829314782439782,0.7788697788697788,0.3397405996296824,0.9092078877005347,1.0113925514688873,-0.34250000000000014,1.4053334672559261,0.0,0.004
gdph,M2b,100,0.8957045401082098,0.7801097531751737,0.9693251533742331,0.7812916666666667,0.5278448548812665,0.8876361299369011,1.0241935483870968,0.2312769010043042,1.3362258953168042,0.0,0.0
gdph,M2b,200,0.9028776978417267,0.8220514087361913,0.9575971731448764,0.7713414634146342,0.6435807617458994,0.8503434249133102,0.9818166790643856,0.5983473389355742,1.2361068111455107,0.0,0.0
gdph,M3,10,0.864679772647369,0.2686447555285048,0.9945945945945946,0.8294392523364486,0.1736111111111111,0.9929992320763349,1.1762939958592131,-0.8792936882782313,1.6811594202898552,0.0,0.0
gdph,M3,20,0.8879773058116531,0.5981789450741064,0.9945433361623561,0.7990610328638498,0.17652122641509435,0.956991755261445,1.0743504698728579,-0.870082918739635,1.573529411764706,0.0,0.0
gdph,M3,30,0.8865817263544535,0.6422346850733391,0.9890281353023529,0.8,0.213379917184265,0.9521585595485426,1.0820941241993873,-0.734587542087542,1.5601763907734056,0.0,0.0
gdph,M3,50,0.8969904375163741,0.7459100566572238,0.9829314782439782,0.7792653979094657,0.3397405996296824,0.9092078877005347,1.0223076072534276,-0.34250000000000014,1.4053334672559261,0.0,0.0
gdph,M3,100,0.8957045401082098,0.7801097531751737,0.9693251533742331,0.7812916666666667,0.5278448548812665,0.8876361299369011,1.0241935483870968,0.2312769010043042,1.3362258953168042,0.0,0.0
gdph,M3,200,0.9028776978417267,0.8220514087361913,0.9575971731448764,0.7713414634146342,0.6435807617458994,0.8503434249133102,0.9818166790643856,0.5983473389355742,1.2361068111455107,0.0,0.0
sysucc,M1,10,0.9086483752686813,0.5757866072881396,0.9986033519553073,0.5541964667766979,0.045454545454545456,0.8781939866147237,0.8518518518518519,-4.555555555555555,4.340598290598289,0.024,0.0
sysucc,M1,20,0.9038868777918954,0.7129382685277501,0.9915197300601731,0.5628289308806576,0.17482517482517482,0.7881624953993375,1.0,-3.1851851851851856,3.333333333333334,0.0,0.0
sysucc,M1,30,0.9043539841043406,0.7524789377289377,0.9814285714285714,0.5622775800711743,0.2822841726618705,0.7644394627537751,1.0,-2.0392692307692304,3.094871794871793,0.0,0.0
sysucc,M1,50,0.9127905134331764,0.7993766123450575,0.9789907735085945,0.5349269426760201,0.30286846486846486,0.7161596983683984,0.6923076923076921,-1.8040384615384617,2.540384615384614,0.0,0.0
sysucc,M1,100,0.9026272789817682,0.8253197191359031,0.9670598682662903,0.5637065637065637,0.3856251965577379,0.6915898380727278,1.0,-0.9784090909090912,2.374999999999999,0.0,0.0
sysucc,M1,200,0.9046395176838432,0.84600751311359,0.9497856860146444,0.5605071418265762,0.44463651840046364,0.6629783544606553,1.0,-0.26709486166007895,2.0,0.0,0.0
sysucc,M2a,10,0.9261837008242115,0.7977539837537543,1.0,0.48606254856254855,0.0,0.7138111888111888,0.11111111111111137,-5.0740740740740735,2.5971153846153836,0.024,0.072
sysucc,M2a,20,0.923943661971831,0.8130818053596615,0.9985955056179775,0.49734975690441585,0.010474243456752741,0.7017543859649122,0.26424501424501434,-4.982407407407404,2.463111111111111,0.0,0.014
sysucc,M2a,30,0.9209033236244664,0.8497553191489362,0.9915014112273698,0.505338078291815,0.19768317350913994,0.666715496860462,0.3333333333333337,-2.9726139601139585,2.057158119658118,0.0,0.006
sysucc,M2a,50,0.9275360796809067,0.8682969967328474,0.9796653173110635,0.4833948339483395,0.30556989832488257,0.628071389042612,0.08514492753623182,-1.834259259259259,1.692307692307693,0.0,0.0
sysucc,M2a,100,0.9258698940998488,0.889141163920825,0.9694962156828062,0.49045787625832205,0.3783494392746361,0.5817490494296578,0.18706293706293695,-1.0619755244755242,1.1307692307692292,0.0,0.0
sysucc,M2a,200,0.9272097053726169,0.8995328700347179,0.9606227202889882,0.4866664032869785,0.42460227272727274,0.5534090909090909,0.13043478260869587,-0.42857142857142866,0.8974999999999997,0.0,0.0
sysucc,M2b,10,0.9273235144743525,0.6239176990944162,0.9986033519553073,0.479020979020979,0.045454545454545456,0.8493997668997669,0.037749287749287666,-4.555555555555555,4.096047008547005,0.024,0.072
sysucc,M2b,20,0.9082564695101301,0.7248357791477156,0.9915197300601731,0.549645390070922,0.17482517482517482,0.7824316450303241,0.8461538461538465,-3.1851851851851856,3.307692307692308,0.0,0.014
sysucc,M2b,30,0.9047614717827483,0.755499361502651,0.9814285714285714,0.5612806340072184,0.2822841726618705,0.7617383512544802,1.0,-2.0392692307692304,3.0755698005697996,0.0,0.006
sysucc,M2b,50,0.9127905134331764,0.7993766123450575,0.9789907735085945,0.5349269426760201,0.30286846486846486,0.7161596983683984,0.6923076923076921,-1.8040384615384617,2.540384615384614,0.0,0.0
sysucc,M2b,100,0.9026272789817682,0.8253197191359031,0.9670598682662903,0.5637065637065637,0.3856251965577379,0.6915898380727278,1.0,-0.9784090909090912,2.374999999999999,0.0,0.0
sysucc,M2b,200,0.9046395176838432,0.84600751311359,0.9497856860146444,0.5605071418265762,0.44463651840046364,0.6629783544606553,1.0,-0.26709486166007895,2.0,0.0,0.0
sysucc,M3,10,0.9022344461675005,0.5757866072881396,0.9986033519553073,0.5524475524475524,0.015589185120435126,0.8781939866147237,0.8518518518518512,-4.9245726495726485,4.340598290598289,0.024,0.0
sysucc,M3,20,0.9038868777918954,0.7129382685277501,0.9915197300601731,0.5628289308806576,0.1729895104895105,0.7881624953993375,1.0,-3.2495014245014255,3.333333333333334,0.0,0.0
sysucc,M3,30,0.9043539841043406,0.7524789377289377,0.9814285714285714,0.5622775800711743,0.2822841726618705,0.7644394627537751,1.0,-2.0392692307692304,3.094871794871793,0.0,0.0
sysucc,M3,50,0.9127905134331764,0.7993766123450575,0.9789907735085945,0.5349269426760201,0.30286846486846486,0.7161596983683984,0.6923076923076921,-1.8040384615384617,2.540384615384614,0.0,0.0
sysucc,M3,100,0.9026272789817682,0.8253197191359031,0.9670598682662903,0.5637065637065637,0.3856251965577379,0.6915898380727278,1.0,-0.9784090909090912,2.374999999999999,0.0,0.0
sysucc,M3,200,0.9046395176838432,0.84600751311359,0.9497856860146444,0.5605071418265762,0.44463651840046364,0.6629783544606553,1.0,-0.26709486166007895,2.0,0.0,0.0
